{
  "generatedAt": "2026-02-07",
  "description": "Preloaded course library (near Torrevieja) with editable hole Par + HCP/Stroke Index. Only the default 'yellow-equivalent' tee is included per course.",
  "courses": [
    {
      "id": "lo-romero-golf",
      "name": "Lo Romero Golf",
      "country": "Spain",
      "region": "Comunidad Valenciana (Alicante)",
      "near": "Torrevieja",
      "defaultTeeId": "yellow",
      "file": "data/courses/lo-romero.yellow.json"
    },
    {
      "id": "golf-club-villamartin",
      "name": "Golf Club Villamartin",
      "country": "Spain",
      "region": "Comunidad Valenciana (Alicante)",
      "near": "Torrevieja",
      "defaultTeeId": "yellow",
      "file": "data/courses/villamartin.yellow.json"
    },
    {
      "id": "la-finca-golf",
      "name": "La Finca Golf",
      "country": "Spain",
      "region": "Comunidad Valenciana (Alicante)",
      "near": "Torrevieja",
      "defaultTeeId": "yellow",
      "file": "data/courses/la-finca.yellow.json"
    },
    {
      "id": "las-colinas-golf-country-club",
      "name": "Las Colinas Golf & Country Club",
      "country": "Spain",
      "region": "Comunidad Valenciana (Alicante)",
      "near": "Torrevieja",
      "defaultTeeId": "yellow",
      "file": "data/courses/las-colinas.yellow.json"
    }
  ]
}