{
  "id": "la-finca-golf",
  "name": "La Finca Golf",
  "country": "Spain",
  "region": "Comunidad Valenciana (Alicante)",
  "near": "Torrevieja",
  "source": {
    "provider": "TheSocialGolfer",
    "url": "https://www.thesocialgolfer.com/golf-courses/spain/la-finca/scorecard/la-finca-yellow-tee-scorecard",
    "retrieved": "2026-02-07"
  },
  "tees": [
    {
      "teeId": "yellow",
      "teeNameLocal": "Yellow",
      "parTotal": 72,
      "courseRating": 72.5,
      "slopeRating": 131,
      "distance": 6032,
      "distanceUnit": "yards_or_meters_unspecified_by_source"
    }
  ],
  "holes": [
    {
      "hole": 1,
      "par": 5,
      "hcp": 11
    },
    {
      "hole": 2,
      "par": 4,
      "hcp": 15
    },
    {
      "hole": 3,
      "par": 3,
      "hcp": 7
    },
    {
      "hole": 4,
      "par": 4,
      "hcp": 9
    },
    {
      "hole": 5,
      "par": 5,
      "hcp": 5
    },
    {
      "hole": 6,
      "par": 3,
      "hcp": 13
    },
    {
      "hole": 7,
      "par": 4,
      "hcp": 3
    },
    {
      "hole": 8,
      "par": 4,
      "hcp": 17
    },
    {
      "hole": 9,
      "par": 4,
      "hcp": 1
    },
    {
      "hole": 10,
      "par": 4,
      "hcp": 16
    },
    {
      "hole": 11,
      "par": 5,
      "hcp": 8
    },
    {
      "hole": 12,
      "par": 4,
      "hcp": 18
    },
    {
      "hole": 13,
      "par": 3,
      "hcp": 10
    },
    {
      "hole": 14,
      "par": 4,
      "hcp": 4
    },
    {
      "hole": 15,
      "par": 4,
      "hcp": 6
    },
    {
      "hole": 16,
      "par": 3,
      "hcp": 14
    },
    {
      "hole": 17,
      "par": 4,
      "hcp": 2
    },
    {
      "hole": 18,
      "par": 5,
      "hcp": 12
    }
  ]
}