{
  "id": "las-colinas-golf-country-club",
  "name": "Las Colinas Golf & Country Club",
  "country": "Spain",
  "region": "Comunidad Valenciana (Alicante)",
  "near": "Torrevieja",
  "source": {
    "provider": "Golfify",
    "url": "https://www.golfify.io/courses/las-colinas-golf-country-club",
    "retrieved": "2026-02-07"
  },
  "tees": [
    {
      "teeId": "yellow",
      "teeNameLocal": "Amarillos",
      "parTotal": 71,
      "courseRating": 69.7,
      "slopeRating": 135,
      "distance": 5661,
      "distanceUnit": "m_or_yards_unspecified_by_source"
    }
  ],
  "holes": [
    {
      "hole": 1,
      "par": 4,
      "hcp": 7
    },
    {
      "hole": 2,
      "par": 4,
      "hcp": 1
    },
    {
      "hole": 3,
      "par": 5,
      "hcp": 11
    },
    {
      "hole": 4,
      "par": 4,
      "hcp": 15
    },
    {
      "hole": 5,
      "par": 3,
      "hcp": 3
    },
    {
      "hole": 6,
      "par": 4,
      "hcp": 9
    },
    {
      "hole": 7,
      "par": 3,
      "hcp": 17
    },
    {
      "hole": 8,
      "par": 4,
      "hcp": 5
    },
    {
      "hole": 9,
      "par": 4,
      "hcp": 13
    },
    {
      "hole": 10,
      "par": 3,
      "hcp": 18
    },
    {
      "hole": 11,
      "par": 5,
      "hcp": 4
    },
    {
      "hole": 12,
      "par": 4,
      "hcp": 16
    },
    {
      "hole": 13,
      "par": 4,
      "hcp": 12
    },
    {
      "hole": 14,
      "par": 3,
      "hcp": 10
    },
    {
      "hole": 15,
      "par": 5,
      "hcp": 6
    },
    {
      "hole": 16,
      "par": 4,
      "hcp": 2
    },
    {
      "hole": 17,
      "par": 3,
      "hcp": 8
    },
    {
      "hole": 18,
      "par": 5,
      "hcp": 14
    }
  ]
}